{"RuleTriggered": 31, "Violations": 31, "Details": {"algo-1": {"cpu": {"p25": 21.31375, "p50": 22.44625, "p75": 23.898125, "p95": 35.512187499999996, "upper": 27.774687500000002, "lower": 17.437187499999997}, "gpu0": {"p25": 0.0, "p50": 4.0, "p75": 19.0, "p95": 19.0, "upper": 24.0, "lower": 0.0}, "gpu0_memory": {"p25": 0.0, "p50": 2.0, "p75": 14.0, "p95": 14.0, "upper": 15.0, "lower": 0.0}}, "last_timestamp": 1731321480000000}, "Datapoints": 4706, "RuleParameters": "cpu_threshold_p95:70\ngpu_threshold_p95:70\ngpu_memory_threshold_p95:70\npatience:1000\nwindow:500"}