{"RuleTriggered": 42, "Violations": 42, "Details": {"algo-1": {"cpu": {"p25": 21.290625, "p50": 22.48375, "p75": 24.2728125, "p95": 35.04849999999998, "upper": 28.746093750000004, "lower": 16.817343749999996}, "gpu0": {"p25": 0.0, "p50": 5.0, "p75": 19.0, "p95": 19.0, "upper": 21.0, "lower": 0.0}, "gpu0_memory": {"p25": 0.0, "p50": 3.0, "p75": 14.0, "p95": 14.0, "upper": 15.0, "lower": 0.0}}, "last_timestamp": 1730767200000000}, "Datapoints": 5948, "RuleParameters": "cpu_threshold_p95:70\ngpu_threshold_p95:70\ngpu_memory_threshold_p95:70\npatience:1000\nwindow:500"}