{"RuleTriggered": 0, "Violations": 0, "Details": {"pin_memory": false, "num_workers": 0, "cores": 8, "dataloaders": 1, "dataloading_time": {"p25": 0.375353, "p50": 0.38702899999999996, "p95": 0.43244065, "probs": [1, 0, 0, 0, 0, 0, 0, 0, 0, 0, 0, 0, 0, 0, 0, 0, 0, 1, 0, 0, 0, 0, 0, 0, 0, 0, 0, 0, 0, 0, 0, 0, 0, 0, 0, 0, 0, 0, 0, 0, 1, 1, 0, 0, 0, 1, 0, 0, 0, 0, 0, 0, 0, 0, 0, 0, 0, 0, 1, 0, 0, 0, 0, 0, 0, 0, 0, 1, 0, 0, 0, 0, 0, 1, 0, 0, 0, 0, 0, 0, 0, 0, 0, 0, 0, 0, 0, 0, 0, 0, 0, 0, 0, 0, 1, 0, 0, 0, 0, 1], "binedges": [0.334521, 0.33552712, 0.33653324, 0.33753936, 0.33854548, 0.3395516, 0.34055772, 0.34156384, 0.34256996, 0.34357608, 0.3445822, 0.34558832, 0.34659444, 0.34760056, 0.34860668, 0.3496128, 0.35061892, 0.35162504, 0.35263116, 0.35363728, 0.3546434, 0.35564952, 0.35665564, 0.35766176, 0.35866788, 0.359674, 0.36068012, 0.36168624, 0.36269236, 0.36369848, 0.3647046, 0.36571072, 0.36671684, 0.36772296, 0.36872908, 0.3697352, 0.37074132, 0.37174744, 0.37275356000000004, 0.37375968000000004, 0.37476580000000004, 0.37577192000000004, 0.37677804000000004, 0.37778416000000004, 0.37879028000000003, 0.37979640000000003, 0.38080252000000003, 0.38180864000000003, 0.38281476000000003, 0.38382088000000003, 0.38482700000000003, 0.38583312000000003, 0.38683924000000003, 0.38784536000000003, 0.38885148, 0.3898576, 0.39086372, 0.39186984, 0.39287596, 0.39388208, 0.3948882, 0.39589432, 0.39690044, 0.39790656, 0.39891268, 0.3999188, 0.40092492, 0.40193104, 0.40293716, 0.40394328, 0.4049494, 0.40595552, 0.40696164, 0.40796776, 0.40897388, 0.40998, 0.41098612, 0.41199224, 0.41299836, 0.41400448, 0.4150106, 0.41601672, 0.41702284, 0.41802896, 0.41903508, 0.4200412, 0.42104732, 0.42205344, 0.42305956, 0.42406568, 0.4250718, 0.42607792, 0.42708404, 0.42809016, 0.42909628, 0.4301024, 0.43110852, 0.43211464, 0.43312076, 0.43412688, 0.435133]}}, "Datapoints": 10, "RuleParameters": "min_threshold:70\nmax_threshold:200"}