{"RuleTriggered": 1, "Violations": 1, "Details": {"pin_memory": false, "num_workers": 0, "cores": 8, "dataloaders": 1, "dataloading_time": {"p25": 0.357721, "p50": 0.367192, "p95": 0.400876, "probs": [1, 0, 0, 0, 0, 0, 0, 0, 0, 0, 0, 0, 0, 0, 0, 0, 0, 0, 0, 0, 1, 0, 0, 0, 0, 0, 0, 0, 0, 0, 1, 0, 0, 0, 1, 0, 0, 0, 0, 0, 0, 0, 0, 0, 0, 2, 0, 0, 0, 0, 0, 0, 0, 0, 0, 0, 0, 1, 0, 0, 1, 0, 0, 0, 0, 0, 0, 0, 0, 0, 1, 0, 0, 0, 0, 0, 0, 0, 0, 0, 0, 0, 0, 1, 0, 0, 0, 0, 0, 0, 0, 0, 0, 0, 0, 0, 0, 0, 0, 1], "binedges": [0.334046, 0.33477534000000003, 0.33550468, 0.33623402, 0.33696336, 0.3376927, 0.33842204000000004, 0.33915138, 0.33988072, 0.34061006, 0.3413394, 0.34206874, 0.34279808, 0.34352742, 0.34425676, 0.3449861, 0.34571544, 0.34644478, 0.34717412000000003, 0.34790346, 0.3486328, 0.34936214, 0.35009148, 0.35082082000000003, 0.35155016, 0.3522795, 0.35300884, 0.35373818, 0.35446752000000004, 0.35519686, 0.3559262, 0.35665554, 0.35738488, 0.35811422, 0.35884356, 0.35957290000000003, 0.36030224, 0.36103158, 0.36176092, 0.36249026, 0.36321960000000003, 0.36394894, 0.36467828, 0.36540762, 0.36613696, 0.3668663, 0.36759564, 0.36832498, 0.36905432, 0.36978366, 0.370513, 0.37124234, 0.37197168, 0.37270102, 0.37343036, 0.3741597, 0.37488904, 0.37561838000000003, 0.37634772, 0.37707706, 0.3778064, 0.37853574, 0.37926508000000003, 0.37999442, 0.38072376, 0.3814531, 0.38218244, 0.38291178000000003, 0.38364112, 0.38437046, 0.3850998, 0.38582914, 0.38655848000000004, 0.38728782, 0.38801716, 0.3887465, 0.38947584, 0.39020518, 0.39093452, 0.39166386000000003, 0.3923932, 0.39312254, 0.39385188, 0.39458122, 0.39531056, 0.3960399, 0.39676924, 0.39749858, 0.39822792, 0.39895726, 0.3996866, 0.40041594, 0.40114528, 0.40187462, 0.40260396, 0.4033333, 0.40406264000000003, 0.40479198, 0.40552132, 0.40625066, 0.40698]}}, "Datapoints": 11, "RuleParameters": "min_threshold:70\nmax_threshold:200"}