{"RuleTriggered": 0, "Violations": 18, "Details": {"low_gpu_utilization": 2661, "bottlenecks": {"1731321578.500689": {"GPUs": 1, "CPUs": 1}, "1731321584.500324": {"GPUs": 1, "CPUs": 1}, "1731321634.001348": {"GPUs": 1, "CPUs": 1}, "1731321851.000948": {"GPUs": 1, "CPUs": 1}, "1731321851.50055": {"GPUs": 1, "CPUs": 1}, "1731321852.000885": {"GPUs": 1, "CPUs": 1}, "1731321852.501365": {"GPUs": 1, "CPUs": 1}, "1731321853.500721": {"GPUs": 1, "CPUs": 1}, "1731321854.501139": {"GPUs": 1, "CPUs": 1}, "1731321856.001353": {"GPUs": 1, "CPUs": 1}, "1731321860.500818": {"GPUs": 1, "CPUs": 1}, "1731321861.000862": {"GPUs": 1, "CPUs": 1}, "1731321881.500345": {"GPUs": 1, "CPUs": 1}, "1731321883.501281": {"GPUs": 1, "CPUs": 1}, "1731321886.500806": {"GPUs": 1, "CPUs": 1}, "1731322631.000831": {"GPUs": 1, "CPUs": 1}, "1731322632.50051": {"GPUs": 1, "CPUs": 1}, "1731322806.000386": {"GPUs": 1, "CPUs": 1}}}, "Datapoints": 4707, "RuleParameters": "threshold:50\nio_threshold:50\ngpu_threshold:10\npatience:1000"}