{"RuleTriggered": 0, "Violations": 34, "Details": {"low_gpu_utilization": 3296, "bottlenecks": {"1730767229.001585": {"GPUs": 1, "CPUs": 1}, "1730767229.502103": {"GPUs": 1, "CPUs": 1}, "1730767238.001377": {"GPUs": 1, "CPUs": 1}, "1730767238.502123": {"GPUs": 1, "CPUs": 1}, "1730767300.501996": {"GPUs": 1, "CPUs": 1}, "1730767340.501451": {"GPUs": 1, "CPUs": 1}, "1730767406.501918": {"GPUs": 1, "CPUs": 1}, "1730767440.002116": {"GPUs": 1, "CPUs": 1}, "1730767589.001625": {"GPUs": 1, "CPUs": 1}, "1730767595.001197": {"GPUs": 1, "CPUs": 1}, "1730767595.502166": {"GPUs": 1, "CPUs": 1}, "1730767596.001391": {"GPUs": 1, "CPUs": 1}, "1730767596.501535": {"GPUs": 1, "CPUs": 1}, "1730767597.001474": {"GPUs": 1, "CPUs": 1}, "1730767601.501992": {"GPUs": 1, "CPUs": 1}, "1730767602.50172": {"GPUs": 1, "CPUs": 1}, "1730767607.001452": {"GPUs": 1, "CPUs": 1}, "1730767607.501729": {"GPUs": 1, "CPUs": 1}, "1730767608.002013": {"GPUs": 1, "CPUs": 1}, "1730767611.002118": {"GPUs": 1, "CPUs": 1}, "1730767633.002218": {"GPUs": 1, "CPUs": 1}, "1730767633.50152": {"GPUs": 1, "CPUs": 1}, "1730768232.5022": {"GPUs": 1, "CPUs": 1}, "1730768427.501162": {"GPUs": 1, "CPUs": 1}, "1730768430.501477": {"GPUs": 1, "CPUs": 1}, "1730768610.001197": {"GPUs": 1, "CPUs": 1}, "1730768611.00184": {"GPUs": 1, "CPUs": 1}, "1730768811.002132": {"GPUs": 1, "CPUs": 1}, "1730768815.001593": {"GPUs": 1, "CPUs": 1}, "1730769389.501728": {"GPUs": 1, "CPUs": 1}, "1730769391.002038": {"GPUs": 1, "CPUs": 1}, "1730769391.501845": {"GPUs": 1, "CPUs": 1}, "1730769772.001586": {"GPUs": 1, "CPUs": 1}, "1730769776.001133": {"GPUs": 1, "CPUs": 1}}}, "Datapoints": 5951, "RuleParameters": "threshold:50\nio_threshold:50\ngpu_threshold:10\npatience:1000"}