{"RuleTriggered": 0, "Violations": 0, "Details": {"step_num": {"first": 1730767617545601, "last": 1730770199901193}, "job_start": 1730767225.501236, "job_end": 1730770199.502369}, "Datapoints": 7967, "RuleParameters": "threshold:20"}