{"RuleTriggered": 0, "Violations": 0, "Details": {"step_num": {"first": 1731321870279361, "last": 1731323879747874}, "job_start": 1731321526.500331, "job_end": 1731323879.50163}, "Datapoints": 6202, "RuleParameters": "threshold:20"}