{"RuleTriggered": 0, "Violations": 0, "Details": {"ratio": {"gpu_functions-dev:0": 51.40359390017862, "cpu_functions": 48.59640609982138}, "phase": {"Step:ModeKeys.TRAIN": 24.400821415394148, "others": 72.7289855538303, "Step:ModeKeys.EVAL": 2.8701930307755457}, "phase_time": {}, "CPU": {"aten::conv2d": 10.896732041596154, "aten::convolution": 10.818919030497705, "aten::_convolution": 10.75745848323465, "aten::cudnn_convolution": 10.673520014708263, "aten::to": 6.7996070035471226, "aten::copy_": 7.0077203151959795, "aten::linear": 3.078678187183412, "aten::addmm": 3.0700183665214014, "enumerate(DataLoader)#_SingleProcessDataLoaderIter.__next__": 36.89734655751531}, "CPU_total": {"aten::conv2d": 1216785, "aten::convolution": 1208096, "aten::_convolution": 1201233, "aten::cudnn_convolution": 1191860, "aten::to": 759279, "aten::copy_": 782518, "aten::linear": 343781, "aten::addmm": 342814, "enumerate(DataLoader)#_SingleProcessDataLoaderIter.__next__": 4120147}, "GPU": {"aten::conv2d": 11.620327794013477, "aten::convolution": 11.56926631385462, "aten::_convolution": 11.52653984448888, "aten::cudnn_convolution": 11.464438502628454, "aten::to": 6.424970573087531, "aten::copy_": 6.637288650666045, "aten::linear": 2.9147185098119954, "aten::addmm": 2.906731144433442, "enumerate(DataLoader)#_SingleProcessDataLoaderIter.__next__": 34.93571866701556}, "GPU_total": {"aten::conv2d": 1370458, "aten::convolution": 1364436, "aten::_convolution": 1359397, "aten::cudnn_convolution": 1352073, "aten::to": 757737, "aten::copy_": 782777, "aten::linear": 343751, "aten::addmm": 342809, "enumerate(DataLoader)#_SingleProcessDataLoaderIter.__next__": 4120188}, "general": {"DataLoaderIterInitialize": 0.001230098227271936, "DataLoaderIter": 1.2652095970456276, "Forward": 98.73356030472709}}, "Datapoints": 0, "RuleParameters": ""}