{"RuleTriggered": 0, "Violations": 0, "Details": {"ratio": {"gpu_functions-dev:0": 51.39062101807398, "cpu_functions": 48.60937898192602}, "phase": {"Step:ModeKeys.TRAIN": 23.52697292143205, "others": 72.47336318302176, "Step:ModeKeys.EVAL": 3.999663895546178}, "phase_time": {}, "CPU": {"aten::conv2d": 11.13323305290472, "aten::convolution": 11.05356539212446, "aten::_convolution": 10.991314952729356, "aten::cudnn_convolution": 10.90412133209131, "aten::to": 6.871013201160754, "aten::copy_": 7.134242606662787, "aten::linear": 3.238232377808202, "aten::addmm": 3.229407293927348, "enumerate(DataLoader)#_SingleProcessDataLoaderIter.__next__": 35.44486979059106}, "CPU_total": {"aten::conv2d": 1242621, "aten::convolution": 1233729, "aten::_convolution": 1226781, "aten::cudnn_convolution": 1217049, "aten::to": 766899, "aten::copy_": 796279, "aten::linear": 361431, "aten::addmm": 360446, "enumerate(DataLoader)#_SingleProcessDataLoaderIter.__next__": 3956132}, "GPU": {"aten::conv2d": 11.845365695996037, "aten::convolution": 11.792108462199495, "aten::_convolution": 11.74724954975666, "aten::cudnn_convolution": 11.683269610716597, "aten::to": 6.4918260580400355, "aten::copy_": 6.755753910521399, "aten::linear": 3.0658962832762273, "aten::addmm": 3.0578118385791737, "enumerate(DataLoader)#_SingleProcessDataLoaderIter.__next__": 33.56071859091438}, "GPU_total": {"aten::conv2d": 1396340, "aten::convolution": 1390062, "aten::_convolution": 1384774, "aten::cudnn_convolution": 1377232, "aten::to": 765261, "aten::copy_": 796373, "aten::linear": 361410, "aten::addmm": 360457, "enumerate(DataLoader)#_SingleProcessDataLoaderIter.__next__": 3956161}, "general": {"DataLoaderIterInitialize": 0.001004989561153065, "DataLoaderIter": 0.9313203525783197, "Forward": 99.06767465786052}}, "Datapoints": 0, "RuleParameters": ""}