{"RuleTriggered": 42, "Violations": 859, "Details": {"step_details": {"algo-1-33": {"step_stats": {"mean": 0.046198950038431975, "max": 3.887947, "p99": 0.045792, "p95": 0.042795, "p50": 0.036807, "min": 0.034209}, "number_of_outliers": 3, "phase": "Step:ModeKeys.EVAL", "stddev": 0.18, "probs": [1, 3, 11, 14, 24, 26, 71, 73, 79, 54, 63, 63, 68, 67, 87, 84, 56, 54, 43, 37, 35, 28, 19, 21, 11, 6, 7, 7, 8, 2, 7, 6, 11, 6, 5, 4, 6, 3, 1, 9, 10, 13, 6, 12, 5, 3, 4, 5, 3, 3, 6, 3, 10, 10, 5, 3, 2, 0, 0, 1, 1, 2, 0, 1, 0, 0, 0, 1, 3, 0, 1, 0, 0, 0, 0, 0, 0, 1, 1, 0, 0, 0, 1, 0, 1, 0, 0, 0, 0, 0, 0, 0, 0, 0, 0, 0, 0, 0, 0, 1], "binedges": [0.034209, 0.03439007, 0.03457114, 0.034752210000000006, 0.034933280000000004, 0.03511435, 0.03529542, 0.035476490000000006, 0.035657560000000005, 0.03583863, 0.0360197, 0.03620077, 0.036381840000000006, 0.036562910000000004, 0.03674398, 0.03692505, 0.037106120000000006, 0.037287190000000005, 0.03746826, 0.03764933, 0.0378304, 0.038011470000000006, 0.038192540000000004, 0.03837361, 0.03855468, 0.03873575, 0.038916820000000005, 0.03909789, 0.03927896, 0.03946003, 0.0396411, 0.039822170000000004, 0.04000324, 0.04018431, 0.040365380000000006, 0.040546450000000005, 0.04072752, 0.04090859, 0.04108966, 0.041270730000000005, 0.041451800000000004, 0.04163287, 0.04181394, 0.04199501, 0.042176080000000005, 0.04235715, 0.04253822, 0.04271929, 0.04290036, 0.043081430000000004, 0.0432625, 0.04344357, 0.043624640000000006, 0.04380571, 0.04398678, 0.04416785, 0.04434892, 0.044529990000000005, 0.044711060000000004, 0.04489213, 0.0450732, 0.04525427, 0.045435340000000005, 0.04561641, 0.04579748, 0.04597855, 0.04615962, 0.046340690000000004, 0.04652176, 0.04670283, 0.0468839, 0.04706497, 0.04724604, 0.04742711, 0.04760818, 0.047789250000000005, 0.04797032, 0.04815139, 0.04833246, 0.04851353, 0.048694600000000005, 0.04887567, 0.04905674, 0.04923781, 0.04941888, 0.049599950000000004, 0.04978102, 0.04996209, 0.05014316, 0.05032423, 0.0505053, 0.05068637, 0.05086744, 0.051048510000000005, 0.05122958, 0.05141065, 0.05159172, 0.05177279, 0.051953860000000004, 0.052134929999999996, 0.052316], "step_numbers": ["0", "500", "1000"]}}, "ratio": {}, "phase": {"Step:ModeKeys.EVAL": 21.075822096748176, "Step:ModeKeys.TRAIN": 78.92417790325183}, "phase_time": {}, "general": {"Forward": 100.0}}, "Datapoints": 7967, "RuleParameters": "threshold:3\nmode:None\nn_outliers:10\nstddev:3"}