{"RuleTriggered": 31, "Violations": 575, "Details": {"step_details": {"algo-1-33": {"step_stats": {"mean": 0.04667860948396095, "max": 3.860661, "p99": 0.04533056000000003, "p95": 0.042270199999999994, "p50": 0.035299, "min": 0.03271}, "number_of_outliers": 2, "phase": "Step:ModeKeys.EVAL", "stddev": 0.2, "probs": [2, 0, 0, 2, 2, 11, 14, 24, 25, 36, 31, 37, 28, 38, 40, 54, 50, 28, 35, 25, 27, 16, 14, 10, 9, 4, 13, 4, 4, 4, 6, 9, 2, 1, 2, 4, 9, 4, 1, 3, 4, 1, 0, 2, 2, 2, 1, 2, 2, 3, 1, 5, 4, 4, 6, 5, 2, 2, 1, 4, 2, 5, 1, 2, 7, 3, 1, 1, 2, 2, 0, 1, 0, 0, 1, 0, 0, 0, 0, 1, 1, 1, 0, 0, 0, 0, 1, 0, 0, 0, 0, 0, 1, 0, 0, 0, 0, 0, 0, 1], "binedges": [0.03271, 0.03286944, 0.033028880000000004, 0.03318832, 0.033347760000000004, 0.0335072, 0.033666640000000005, 0.03382608, 0.033985520000000005, 0.03414496, 0.034304400000000006, 0.03446384, 0.034623280000000006, 0.03478272, 0.03494216, 0.035101600000000004, 0.03526104, 0.035420480000000004, 0.03557992, 0.035739360000000005, 0.0358988, 0.036058240000000005, 0.03621768, 0.036377120000000006, 0.03653656, 0.036696000000000006, 0.03685544, 0.03701488, 0.037174320000000004, 0.03733376, 0.037493200000000004, 0.03765264, 0.037812080000000005, 0.03797152, 0.038130960000000005, 0.0382904, 0.038449840000000006, 0.03860928, 0.038768720000000007, 0.03892816, 0.0390876, 0.039247040000000004, 0.03940648, 0.039565920000000004, 0.03972536, 0.039884800000000005, 0.04004424, 0.040203680000000006, 0.04036312, 0.04052256, 0.040682, 0.04084144000000001, 0.04100088, 0.04116032, 0.041319760000000004, 0.0414792, 0.041638640000000005, 0.04179808, 0.041957520000000005, 0.04211696, 0.042276400000000006, 0.04243584, 0.04259528, 0.04275472, 0.04291416000000001, 0.043073600000000004, 0.04323304, 0.043392480000000004, 0.04355192, 0.043711360000000005, 0.0438708, 0.044030240000000005, 0.04418968, 0.044349120000000006, 0.04450856, 0.044668, 0.04482744, 0.04498688000000001, 0.045146320000000004, 0.04530576, 0.045465200000000004, 0.04562464, 0.045784080000000005, 0.04594352, 0.046102960000000005, 0.0462624, 0.046421840000000006, 0.04658128, 0.04674072, 0.04690016, 0.04705960000000001, 0.047219040000000004, 0.04737848, 0.047537920000000004, 0.04769736, 0.047856800000000005, 0.04801624, 0.048175680000000005, 0.04833512, 0.048494560000000006, 0.048654], "step_numbers": ["0", "500"]}}, "ratio": {}, "phase": {"Step:ModeKeys.TRAIN": 94.19314449856387, "Step:ModeKeys.EVAL": 5.806855501436129}, "phase_time": {}, "general": {"Forward": 100.0}}, "Datapoints": 6202, "RuleParameters": "threshold:3\nmode:None\nn_outliers:10\nstddev:3"}